source;target;label
0;274;x00
0;277;x00
1;247;x01
1;248;x01
2;216;x02
2;317;x02
3;240;x03
3;241;x03
4;184;x04
4;302;x04
5;91;x05
5;343;x05
6;164;x06
6;258;x06
7;111;x07
7;165;x07
8;183;x08
8;270;x08
9;250;x09
9;269;x09
10;204;x10
10;324;x10
11;110;x11
11;175;x11
12;135;x12
12;319;x12
13;290;x13
13;346;x13
14;154;x14
14;200;x14
15;112;x15
15;320;x15
16;152;x16
16;192;x16
17;205;x17
17;296;x17
18;138;x18
18;173;x18
19;225;x19
19;353;x19
20;230;x20
20;283;x20
21;103;x21
21;314;x21
22;228;x22
22;297;x22
23;95;x23
23;156;x23
24;122;x24
24;163;x24
25;142;x25
25;195;x25
26;242;x26
26;284;x26
27;213;x27
27;352;x27
28;271;x28
28;299;x28
29;232;x29
29;265;x29
30;116;x30
30;318;x30
31;260;x31
31;355;x31
32;172;x32
32;235;x32
33;145;x33
33;300;x33
34;117;x34
34;202;x34
35;126;x35
35;313;x35
36;278;x36
36;323;x36
37;131;x37
37;267;x37
38;168;x38
38;255;x38
39;310;x39
39;347;x39
40;104;x40
40;354;x40
41;147;x41
41;257;x41
42;261;x42
42;276;x42
43;292;x43
43;333;x43
44;121;x44
44;285;x44
45;274;y00
45;277;y00
46;247;y01
46;248;y01
47;216;y02
47;317;y02
48;240;y03
48;241;y03
49;184;y04
49;302;y04
50;91;y05
50;343;y05
51;164;y06
51;258;y06
52;111;y07
52;165;y07
53;183;y08
53;270;y08
54;250;y09
54;269;y09
55;204;y10
55;324;y10
56;110;y11
56;175;y11
57;135;y12
57;319;y12
58;290;y13
58;346;y13
59;154;y14
59;200;y14
60;112;y15
60;320;y15
61;152;y16
61;192;y16
62;205;y17
62;296;y17
63;138;y18
63;173;y18
64;225;y19
64;353;y19
65;230;y20
65;283;y20
66;103;y21
66;314;y21
67;228;y22
67;297;y22
68;95;y23
68;156;y23
69;122;y24
69;163;y24
70;142;y25
70;195;y25
71;242;y26
71;284;y26
72;213;y27
72;352;y27
73;271;y28
73;299;y28
74;232;y29
74;265;y29
75;116;y30
75;318;y30
76;260;y31
76;355;y31
77;172;y32
77;235;y32
78;145;y33
78;300;y33
79;117;y34
79;202;y34
80;126;y35
80;313;y35
81;278;y36
81;323;y36
82;131;y37
82;267;y37
83;168;y38
83;255;y38
84;310;y39
84;347;y39
85;104;y40
85;354;y40
86;147;y41
86;257;y41
87;261;y42
87;276;y42
88;292;y43
88;333;y43
89;121;y44
89;285;y44
90;132;pwm
90;315;pwm
91;148;jbk
91;348;jbk
92;93;z31
94;246;qck
95;136;fhn
96;262;rmv
97;118;stm
98;99;z43
100;101;z22
102;150;cgh
102;157;cgh
103;201;ncf
104;159;nmp
105;106;z29
107;108;z07
109;189;fpf
110;203;gkb
110;328;gkb
111;321;dgf
112;130;qdr
113;273;pwv
113;286;pwv
114;298;fgp
115;321;bdf
116;174;fmg
116;293;fmg
117;246;ccs
118;127;rfd
118;223;rfd
119;120;z27
121;221;wcj
121;288;wcj
122;224;rkg
122;334;rkg
123;124;z17
125;231;svt
125;236;svt
126;190;qrh
126;239;qrh
127;281;jgr
128;129;z26
130;144;bnc
130;350;bnc
131;169;gvf
131;295;gvf
132;194;hwg
133;176;chf
133;259;chf
134;193;vvd
135;150;tqw
135;157;tqw
136;224;jbj
136;334;jbj
137;92;hnr
137;238;hnr
138;227;mvn
138;251;mvn
139;140;z03
141;201;vcj
142;327;trg
143;349;fhp
144;146;ndj
145;127;smf
145;223;smf
146;123;fmr
146;162;fmr
147;178;njd
148;149;z05
150;151;z12
152;153;z16
154;194;wbg
155;130;cdn
156;308;hvv
156;344;hvv
157;243;mpw
158;109;rft
158;196;rft
159;229;jct
159;336;jct
160;161;z08
162;279;jkg
163;338;pbd
164;171;dsw
165;107;pmd
165;115;pmd
166;167;z13
168;109;tnp
168;196;tnp
169;170;z37
171;107;tqd
171;115;tqd
172;97;hhc
172;306;hhc
173;133;jkk
174;137;mbp
175;102;cst
176;177;z19
178;291;hdc
178;356;hdc
179;326;wsm
180;181;z21
182;266;tvw
183;160;tbw
183;305;tbw
184;198;wfr
184;280;wfr
185;97;knm
185;306;knm
186;187;z39
188;268;mfv
189;186;wgr
189;322;wgr
190;191;z35
192;144;vmr
192;350;vmr
193;169;cqv
193;295;cqv
194;155;nsc
194;219;nsc
195;207;cfr
195;234;cfr
196;197;z38
198;199;z04
200;132;djk
200;315;djk
201;100;ggg
201;206;ggg
202;94;mgc
202;303;mgc
203;102;hbd
204;211;tck
204;233;tck
205;279;kgb
206;309;jcw
207;208;z25
209;210;z45
211;212;z10
213;262;tpc
214;215;z06
216;218;cpf
217;148;mch
217;348;mch
218;114;tkj
218;139;tkj
219;220;z15
221;209;kvm
222;214;wjq
222;249;wjq
223;94;fcd
223;303;fcd
224;338;dnv
225;253;qgq
226;254;spt
226;339;spt
227;133;nrf
228;309;wnk
229;178;gkk
230;143;pns
230;311;pns
231;159;jjg
232;268;pgp
233;325;cdj
234;327;kkp
235;118;bmh
236;237;z40
238;185;qvp
239;245;qmw
240;114;mtq
240;139;mtq
241;298;qkp
242;351;ttw
243;166;njv
243;301;njv
244;211;ddg
244;233;ddg
245;134;rtc
245;341;rtc
246;190;bjg
246;239;bjg
247;330;rsq
247;331;rsq
248;226;qkj
249;171;gjj
250;244;bcs
251;252;z18
253;143;tsc
253;311;tsc
254;218;gms
255;189;sfs
256;98;vcd
256;182;vcd
257;229;hmm
257;336;hmm
258;214;thj
258;249;thj
259;253;qpp
260;185;dhq
261;256;nmd
262;179;ntn
262;263;ntn
263;264;z28
265;105;scf
265;188;scf
266;221;fnw
266;288;fnw
267;158;ssp
268;174;tmq
268;293;tmq
269;273;sqm
269;286;sqm
270;113;nbj
271;326;fnj
272;351;ggw
273;244;kqj
274;275;z00
276;291;kbt
276;356;kbt
277;330;bdk
277;331;bdk
278;134;rhc
278;341;rhc
279;227;wjt
279;251;wjt
280;217;sjc
281;282;z33
283;349;rwm
284;128;qwr
284;272;qwr
285;209;svd
286;287;z09
288;289;z44
290;166;shm
290;301;shm
291;256;wdk
292;98;vbv
292;182;vbv
293;294;z30
295;158;dvq
296;123;vtd
296;162;vtd
297;100;prd
297;206;prd
298;198;fnv
298;280;fnv
299;179;dtn
299;263;dtn
300;281;wkw
301;90;hrk
302;217;jhb
303;304;z34
305;113;tqv
306;307;z32
308;136;cmk
309;308;rnq
309;344;rnq
310;125;chr
311;312;z20
313;245;fjg
314;141;krw
314;180;krw
315;316;z14
317;254;vjn
317;339;vjn
318;137;ttv
319;243;fdg
320;155;jtv
320;219;jtv
321;160;dsq
321;305;dsq
322;125;nps
323;193;dqh
324;325;bqd
325;203;pjh
325;328;pjh
326;105;ksv
326;188;ksv
327;128;pbf
327;272;pbf
328;329;z11
330;226;jnh
331;332;z01
333;266;ftg
334;335;z24
336;337;z41
338;207;mgm
338;234;mgm
339;340;z02
341;342;z36
343;222;gvh
344;345;z23
346;90;rnb
347;186;bwj
347;322;bwj
348;222;tcw
349;141;vnk
349;180;vnk
350;146;hmk
351;96;dkb
351;119;dkb
352;96;rvf
352;119;rvf
353;176;gdq
353;259;gdq
354;231;grr
354;236;grr
355;92;hbc
355;238;hbc
356;357;z42
